index,id
0,B08HDJ86NZ
1,B08Y1TFSP6
2,B08DDRGWTJ
3,B08CF3D7QR
4,B0789LZTCJ
5,B07KSMBL2H
6,B085DTN6R2
7,B0B6F7LX4C
8,B082LSVT4B
9,B09NHVCHS9
10,B0B1YVCJ2Y
11,B01M4GGIVU
12,B077Z65HSD
13,B08QSC1XY8
14,B0B4HJNPV4
15,B07XLCFSSN
16,B0B3MMYHYW
17,B00NH11KIK
18,B09JPC82QC
19,B09NJN8L25
20,B002PD61Y4
21,B014I8SSD0
22,B07P681N66
23,B082T6V3DT
24,B07MKFNHKG
25,B01N90RZ4M
26,B0088TKTY2
27,B09Q5SWVBJ
28,B0B15CPR37
29,B0994GFWBH
30,B014I8SX4Y
31,B09Q8HMKZX
32,B0B9XN9S3W
33,B07966M8XH
34,B0B86CDHL1
35,B08R69VDHT
36,B09RWZRCP1
37,B09CMP1SC8
38,B09ZPM4C2C
39,B0B2DJDCPX
40,B0BCZCQTJX
41,B08QX1CC14
42,B0974H97TJ
43,B092BJMT8Q
44,B07JH1C41D
45,B0141EZMAI
46,B09Q5P2MT3
47,B093ZNQZ2Y
48,B09BW334ML
49,B082T6GVLJ
50,B0B9XLX8VR
51,B09F6VHQXB
52,B09RX1FK54
53,B09KH58JZR
54,B09DDCQFMT
55,B0B21C4BMX
56,B0BHZCNC4P
57,B0B16KD737
58,B099K9ZX65
59,B08Y55LPBF
60,B015OW3M1W
61,B01D5H8ZI8
62,B09X1M3DHX
63,B09MM6P76N
64,B01D5H8LDM
65,B09QGZM8QB
66,B09X79PP8F
67,B082T6GVG9
68,B0B4HKH19N
69,B071SDRGWL
70,B08PSQRW2T
71,B08RX8G496
72,B002SZEOLG
73,B08CS3BT4L
74,B09CMQRQM6
75,B005LJQMCK
76,B0BB3CBFBM
77,B0117H7GZ6
78,B084N133Y7
79,B08RWCZ6SY
80,B081FG1QYX
81,B08R69WBN7
82,B084N18QZY
83,B081NHWT6Z
84,B07JPJJZ2H
85,B0B9959XF3
86,B09PNR6F8Q
87,B08CTNJ985
88,B0BP7XLX48
89,B08PSVBB2X
90,B0B3MQXNFB
91,B09L8DT7D6
92,B0162K34H2
93,B0B8SRZ5SV
94,B07CWNJLPC
95,B00NH12R1O
96,B08WKG2MWT
97,B09C6FML9B
98,B0B65MJ45G
99,B08P9RYPLR
100,B084MZXJN6
101,B0BCKWZ884
102,B00RGLI0ZS
103,B09ZPJT8B2
104,B07HZ2QCGR
105,B0BLV1GNLN
106,B00NH13Q8W
107,B0B8SSZ76F
108,B0841KQR1Z
109,B0B467CCB9
110,B095JQVC7N
111,B09JSW16QD
112,B07JH1CBGW
113,B09127FZCK
114,B083GQGT3Z
115,B07YZG8PPY
116,B0718ZN31Q
117,B0162LYSFS
118,B09MJ77786
119,B09NNGHG22
120,B07V5YF4ND
121,B084MZYBTV
122,B097ZQTDVZ
123,B081FJWN52
124,B0758F7KK7
125,B08NCKT9FG
126,B0B4T6MR8N
127,B09BW2GP18
128,B09WN3SRC7
129,B09B125CFJ
130,B09RQRZW2X
131,B07924P3C5
132,B07VVXJ2P5
133,B06XFTHCNY
134,B08CT62BM1
135,B07DWFX9YS
136,B01D5H90L4
137,B075ZTJ9XR
138,B0B997FBZT
139,B075TJHWVC
140,B09VH568H7
141,B09PTT8DZF
142,B0B7B9V9QP
143,B08XXVXP3J
144,B06XGWRKYT
145,B09TY4MSH3
146,B07RY2X9MP
147,B0B2C5MJN6
148,B0BBMGLQDW
149,B08XXF5V6G
150,B09MMD1FDN
151,B09HN7LD5L
152,B0BNDD9TN6
153,B0941392C8
154,B01M5967SY
155,B016MDK4F4
156,B08G43CCLC
157,B0B61GCHC1
158,B07RX14W1Q
159,B09PLD9TCD
160,B0B8CXTTG3
161,B09HCH3JZG
162,B07VJ9ZTXS
163,B08FD2VSD9
164,B0BQRJ3C47
165,B095JPKPH3
166,B08V9C4B1J
167,B0B8VQ7KDS
168,B086JTMRYL
169,B0BF57RN3K
170,B0B3RRWSF6
171,B0B5B6PQCT
172,B08HV83HL3
173,B0BBN4DZBD
174,B0B3CPQ5PF
175,B0B3CQBRB4
176,B0BBN56J5H
177,B0BBN3WF7V
178,B0BDRVFDKP
179,B0B5LVS732
180,B09V2Q4QVQ
181,B09V12K8NT
182,B01DEWVZ2C
183,B0BMGB3CH9
184,B08D77XZX5
185,B09XB8GFBQ
186,B07WG8PDCW
187,B07GPXXNNG
188,B0BDYVC5TD
189,B0BMGB2TPR
190,B08MC57J31
191,B08HVL8QN3
192,B0746JGVDS
193,B08VFF6JQ8
194,B09NVPSCQT
195,B09YV4RG4D
196,B09TWHTBKQ
197,B08L5HMJVW
198,B0B4F2XCK3
199,B0BF54972T
200,B09YV4MW2T
201,B09TWH8YHM
202,B07WGMMQGP
203,B0BF563HB4
204,B07JW9H4J1
205,B09GFPVD9Y
206,B09GFLXVH9
207,B0BF4YBLPX
208,B09XB7DPW1
209,B07PFJ5W31
210,B0B3N7LR6K
211,B09ZQK9X8G
212,B098NS6PVG
213,B07WJV6P1R
214,B096MSW6CT
215,B0BF54LXW6
216,B09XB7SRQ5
217,B09FFK1PQG
218,B09RMQYHLH
219,B08ZN4B121
220,B0B3RSDSZ3
221,B08VB34KJ1
222,B09T39K9YL
223,B08VF8V79P
224,B08G28Z33M
225,B09PNKXSKF
226,B0B5DDJNH4
227,B08CF3B7N1
228,B07WDKLDRX
229,B09MQSCJQ1
230,B094YFFSMY
231,B09MT84WV5
232,B08VS3YLRK
233,B0B4F3QNDM
234,B07GQD4K6L
235,B07WDKLRM4
236,B0BP18W8TM
237,B07GXHC691
238,B08FN6WGDQ
239,B0B3D39RKV
240,B085HY1DGR
241,B08D75R3Z1
242,B0B4F2TTTS
243,B09WRMNJ9G
244,B0B14MR9L1
245,B09ZPL5VYM
246,B0993BB11X
247,B09V2PZDX8
248,B085W8CFLH
249,B09MT6XSFW
250,B07RD611Z8
251,B08WRWPM22
252,B0B4F52B5X
253,B096VF5YYF
254,B0B5D39BCD
255,B082LZGK39
256,B09XBJ1CTN
257,B0B4F5L738
258,B08MTCKDYN
259,B09QS8V5N8
260,B09T2WRLJJ
261,B089WB69Y1
262,B0116MIKKC
263,B09P858DK8
264,B07DJLFMPS
265,B07WHQWXL7
266,B07WDK3ZS6
267,B09T2S8X9C
268,B07S9S86BF
269,B07N8RQ6W7
270,B09FKDH6FS
271,B08HVJCW95
272,B09YDFDVNS
273,B07WGPKTS4
274,B09MZCQYHZ
275,B0B4F2ZWL3
276,B08VB2CMR3
277,B095RTJH1M
278,B097R25DP7
279,B09YDFKJF8
280,B07WDK3ZS2
281,B08RZ5K9YH
282,B08444S68L
283,B07WHQBZLS
284,B09JS562TP
285,B09KLVMZ3B
286,B09V17S2BG
287,B0B5CGTBKV
288,B0B23LW7NV
289,B09KGV7WSV
290,B0971DWFDT
291,B0BNV7JM5Y
292,B0B53QFZPY
293,B083342NKJ
294,B07WJWRNVK
295,B01F25X6RQ
296,B09C6HXFC1
297,B0B244R4KB
298,B0BMGG6NKT
299,B092JHPL72
300,B08WRBG3XW
301,B09GFM8CGS
302,B0B3MWYCHQ
303,B09J2MM5C6
304,B07Q4QV1DL
305,B0B56YRBNT
306,B01DF26V7A
307,B08K4PSZ3V
308,B0B4F1YC3J
309,B08K4RDQ71
310,B085CZ3SR1
311,B09YV3K34W
312,B09Z6WH2N1
313,B09NL4DJ2Z
314,B0BGSV43WY
315,B0926V9CTV
316,B07WGPKMP5
317,B0BBFJ9M3X
318,B09PLFJ7ZW
319,B0B53NXFFR
320,B07GNC2592
321,B09TP5KBN7
322,B0949SBKMP
323,B09V175NP7
324,B07WHSJXLF
325,B0BD3T6Z1D
326,B09LHYZ3GJ
327,B07WFPMGQQ
328,B09QS9X9L8
329,B0B6BLTGTT
330,B09W5XR9RT
331,B084DTMYWK
332,B0B53QLB9H
333,B0BDYW3RN3
334,B0B3RS9DNF
335,B09QS9X16F
336,B08HV25BBQ
337,B09LJ116B5
338,B0BMVWKZ8G
339,B0BD92GDQH
340,B08Y1SJVV5
341,B0B5GF6DQD
342,B09JS94MBV
343,B09YV463SW
344,B09NL4DCXK
345,B0B8CHJLWJ
346,B0B8ZWNR5T
347,B0BBFJLP21
348,B01F262EUU
349,B09VZBGL1N
350,B0BNVBJW2S
351,B0B2DJ5RVQ
352,B096TWZRJC
353,B09GP6FBZT
354,B0B3DV7S9B
355,B09MKP344P
356,B08JW1GVS7
357,B09LHZSMRR
358,B0B5V47VK4
359,B08H21B6V7
360,B09BNXQ6BR
361,B01FSYQ2A4
362,B08L5FM4JC
363,B0B54Y2SNX
364,B08BQ947H3
365,B0B7DHSKS7
366,B09SJ1FTYV
367,B09XJ5LD6L
368,B07WHS7MZ1
369,B0BBVKRP7B
370,B09NY7W8YD
371,B0BMM7R92G
372,B08M66K48D
373,B09RFB2SJQ
374,B0B82YGCF6
375,B08HF4W2CT
376,B08BCKN299
377,B0B2X35B1K
378,B09QS9CWLV
379,B0B1NX6JTN
380,B078G6ZF5Z
381,B0BBW521YC
382,B09HSKYMB3
383,B09YV42QHZ
384,B09BF8JBWX
385,B0B5YBGCKD
386,B01GGKYKQM
387,B09MY4W73Q
388,B09T37CKQ5
389,B09GFPN6TP
390,B0B298D54H
391,B08VB57558
392,B09YLXYP7Y
393,B0B9BXKBC7
394,B09NY6TRXG
395,B09NVPJ3P4
396,B0B3NDPCS9
397,B09VGKFM7Y
398,B07QCWY5XV
399,B098QXR9X2
400,B07H1S7XW8
401,B0BNXFDTZ2
402,B088ZFJY82
403,B0B4F4QZ1H
404,B09BCNQ9R2
405,B0B9BD2YL4
406,B071Z8M4KX
407,B09N3ZNHTY
408,B005FYNT3G
409,B09CTRPSJR
410,B08JQN8DGZ
411,B0B72BSW7K
412,B07XCM6T4N
413,B07JQKQ91F
414,B01L8ZNWN2
415,B009VCGPSY
416,B07TCN5VR9
417,B01HJI0FS2
418,B076B8G5D8
419,B07KY3FNQP
420,B07QZ3CZ48
421,B08ZJDWTJ1
422,B08YDFX7Y1
423,B087FXHB6J
424,B07N42JB4S
425,B0B31BYXQQ
426,B07SLMR1K6
427,B092X94QNQ
428,B00KXULGJQ
429,B00MFPCY5C
430,B07JJFSG2B
431,B09NR6G588
432,B07JPX9CR7
433,B08D11DZ2W
434,B0765B3TH7
435,B07LG59NPV
436,B00AXHBBXU
437,B08MCD9JFY
438,B083RCTXLL
439,B07GVR9TG7
440,B07CD2BN46
441,B07PLHTTB4
442,B077T3BG5L
443,B079Y6JZC8
444,B07TR5HSR9
445,B07L8KNP5F
446,B08CF4SCNP
447,B09XX51X2G
448,B01M72LILF
449,B00LZLQ624
450,B09GB5B4BK
451,B015ZXUDD0
452,B09PL79D2X
453,B08CYNJ5KY
454,B074CWD7MS
455,B00R1P3B4O
456,B09DG9VNWB
457,B09Y5MP7C4
458,B07DFYJRQV
459,B08TDJNM3G
460,B06XSK3XL6
461,B07YNTJ8ZM
462,B07KR5P3YD
463,B08FB2LNSZ
464,B01N6LU1VF
465,B07XLML2YS
466,B003B00484
467,B085194JFL
468,B09F6S8BT6
469,B003L62T7W
470,B07B88KQZ8
471,B07Z3K96FR
472,B004IO5BMQ
473,B01N4EV2TL
474,B0752LL57V
475,B09Z28BQZT
476,B097JQ1J5G
477,B08CHZ3ZQ7
478,B08SCCG9D4
479,B0B2DD66GS
480,B09M869Z5V
481,B07W6VWZ8C
482,B07Z1X6VFC
483,B07YL54NVJ
484,B08PFSZ7FH
485,B01MF8MB65
486,B01EZ0X3L8
487,B00LM4W1N2
488,B094JNXNPV
489,B07V82W5CN
490,B08HD7JQHX
491,B0B31FR4Y2
492,B09Y14JLP3
493,B09ZHCJDP1
494,B00LHZW3XY
495,B098JYT4SY
496,B09P564ZTJ
497,B09N6TTHT6
498,B098R25TGC
499,B07DKZCZ89
500,B09BN2NPBD
501,B00J4YG0PC
502,B07Z1YVP72
503,B09RF2QXGX
504,B07NC12T2R
505,B07WKBD37W
506,B08JMC1988
507,B09GFN8WZL
508,B095X38CJS
509,B07G3YNLJB
510,B00P93X2H6
511,B09GFWJDY1
512,B094QZLJQ6
513,B08WD18LJZ
514,B06XDKWLJH
515,B00MUTWLW4
516,B01IOZUHRS
517,B01DGVKBC6
518,B008FWZGSG
519,B00E3DVQFS
520,B00BN5SNF0
521,B09RZS1NQT
522,B084BR3QX8
523,B083RD1J99
524,B09Z7YGV3R
525,B00P93X0VO
526,B07SBGFDX9
527,B09C6HWG18
528,B07X2L5Z8C
529,B00VA7YYUO
530,B07L9FW9GF
531,B00LOD70SC
532,B08LW31NQ6
533,B07KRCW6LZ
534,B0994GP1CX
535,B09NNHFSSF
536,B08D9NDZ1Y
537,B00LM4X3XE
538,B09YLFHFDW
539,B07YWS9SP9
540,B08WLY8V9S
541,B0873L7J6X
542,B00KIE28X0
543,B0BHYJ8CVF
544,B0BCVJ3PVP
545,B08KRMK9LZ
546,B0814ZY6FP
547,B07X963JNS
548,B09LD3116F
549,B08Y5QJTVK
550,B00LY1FN1K
551,B009LJ2BXA
552,B09BVCVTBC
553,B0BFWGBX61
554,B07SY4C3TD
555,B094JB13XL
556,B08CRRQK6Z
557,B09CYTJV3N
558,B08FY4FG5X
559,B07TMCXRFV
560,B08J82K4GX
561,B00DJ5N9VK
562,B08FGNPQ9X
563,B08CDKQ8T6
564,B07XJWTYM2
565,B09MDCZJXS
566,B0BG62HMDJ
567,B08GTYFC37
568,B08SBH499M
569,B08FYB5HHK
570,B07P434WJY
571,B08TR61BVK
572,B0B2CPVXHX
573,B088GXTJM3
574,B099S26HWG
575,B08461VC1Z
576,B00K32PEW4
577,B09F9YQQ7B
578,B07W9KYT62
579,B07RZZ1QSW
580,B07222HQKP
581,B0148NPH9I
582,B01JOFKL0A
583,B07L1N3TJX
584,B07YFWVRCM
585,B08TDJ5BVF
586,B09XXZXQC1
587,B01NBX5RSB
588,B08MWJTST6
589,B07R99NBVB
590,B08497Z1MQ
591,B07KNM95JK
592,B09Q3M3WLJ
593,B09B9SPC7F
594,B099SD8PRP
595,B00S2SEV7K
596,B08WKCTFF3
597,B08498D67S
598,B00EYW1U68
599,B08SMJT55F
600,B08Y7MXFMK
601,B07GVGTSLN
602,B01LYLJ99X
603,B014SZPBM4
604,B0B2RBP83P
605,B08S74GTBT
606,B07QMRHWJD
607,B00H47GVGY
608,B07VX71FZP
609,B07NCKMXVZ
610,B0B61DSF17
611,B01LWYDEQ7
612,B00LUGTJGO
613,B01MQZ7J8K
614,B07GXPDLYQ
615,B08KDBLMQP
616,B083GKDRKR
617,B07YR26BJ3
618,B097R45BH8
619,B09X5C9VLK
620,B09LQH3SD9
621,B09KNMLH4Y
622,B00YMJ0OI8
623,B0B8XNPQPN
624,B0814P4L98
625,B088ZTJT2R
626,B09Y5FZK9N
627,B00TDD0YM4
628,B00EDJJ7FS
629,B07WNK1FFN
630,B07DGD4Z4C
631,B07GMFY9QM
632,B0B2DZ5S6R
633,B07S851WX5
634,B01EY310UM
635,B09NL7LBWT
636,B008YW8M0G
637,B00W56GLOQ
638,B078V8R9BS
639,B09ZTZ9N3Q
640,B083P71WKK
641,B097R4D42G
642,B08F47T4X5
643,B00V9NHDI4
644,B00KRCBA6E
645,B00F159RIK
646,B08MV82R99
647,B0B25DJ352
648,B08MVSGXMY
649,B00H0B29DI
650,B01GZSQJPA
651,B08VGFX2B6
652,B09CGLY5CX
653,B01I1LDZGA
654,B01N1XVVLC
655,B0B2CZTCL2
656,B00SH18114
657,B00E9G8KOY
658,B00H3H03Q4
659,B075JJ5NQC
660,B0BMFD94VD
661,B09CKSYBLR
662,B072J83V9W
663,B09MTLG4TP
664,B097XJQZ8H
665,B00935MD1C
666,B0BR4F878Q
667,B0B3G5XZN5
668,B09DL9978Y
669,B09WMTJPG7
670,B09ZK6THRR
671,B09XB1R2F3
672,B0B9RN5X8B
673,B08QW937WV
674,B08GM5S4CQ
675,B00NM6MO26
676,B07GLSKXS1
677,B09F6KL23R
678,B07FXLC2G2
679,B083RC4WFJ
680,B07SPVMSC6
681,B08GJ57MKL
682,B099PR2GQJ
683,B08VGM3YMF
684,B08TTRVWKY
685,B07RX42D3D
686,B07989VV5K
687,B07FL3WRX5
688,B0BPCJM7TB
689,B08H673XKN
690,B07DXRGWDJ
691,B083J64CBB
692,B07NKNBTT3
693,B078HG2ZPS
694,B08MZNT7GP
695,B07YC8JHMB
696,B0BNQMF152
697,B08J7VCT12
698,B0B84KSH3X
699,B08HLC7Z3G
700,B0B9F9PT8R
701,B0883LQJ6B
702,B0B4SJKRDF
703,B0BM4KTNL1
704,B0BLC2BYPX
705,B00P0R95EA
706,B07H5PBN54
707,B07YCBSCYB
708,B09CTWFV5W
709,B0B7NWGXS6
710,B07DZ986Q2
711,B07KKJPTWB
712,B071R3LHFM
713,B07WVQG8WZ
714,B0BFBNXS94
715,B09YLWT89W
716,B0814LP6S9
717,B07BKSSDR2
718,B08XLR6DSB
719,B08H6CZSHT
720,B07CVR2L5K
721,B0B2DD8BQ8
722,B08HDCWDXD
723,B08C7TYHPB
724,B08VJFYH6N
725,B08235JZFB
726,B078XFKBZL
727,B00B3VFJY2
728,B08W9BK4MD
729,B09X5HD5T1
730,B09DSQXCM8
731,B01M69WCZ6
732,B099FDW2ZF
733,B0B935YNR7
734,B09KRHXTLN
735,B09J2QCKKM
736,B09XRBJ94N
737,B0BNDGL26T
738,B07Y9PY6Y1
739,B086GVRP63
740,B08MVXPTDG
741,B0BMZ6SY89
742,B09P1MFKG1
743,B01LY9W8AF
744,B07ZJND9B9
745,B0B2CWRDB1
746,B0BCYQY9X5
747,B08VGDBF3B
748,B012ELCYUG
749,B07S9M8YTY
750,B0BHYLCL19
751,B0BPJBTB3F
752,B081B1JL35
753,B09VL9KFDB
754,B0B1MDZV9C
755,B0B7FJNSZR
756,B0B84QN4CN
757,B01892MIPA
758,B08ZHYNTM1
759,B0B5RP43VN
760,B096NTB9XT
761,B0763K5HLQ
762,B085LPT5F4
763,B0B9RZ4G4W
764,B00B7GKXMG
765,B07H3N8RJH
766,B09MQ9PDHR
767,B014HDJ7ZE
768,B07D2NMTTV
769,B075K76YW1
770,B082ZQ4479
771,B09M3F4HGB
772,B07VZH6ZBB
773,B07YSJ7FF1
774,B07TC9F7PN
775,B09NS5TKPN
776,B00LP9RFSU
777,B0B7L86YCB
778,B097RN7BBK
779,B095K14P86
780,B07F1T31ZZ
781,B0BNDRK886
782,B09ZVJXN5L
783,B0762HXMTF
784,B00K57MR22
785,B07TTSS5MP
786,B09ZDVL7L8
787,B07P1BR7L8
788,B09XTQFFCG
789,B07HK53XM4
790,B0BHNHMR3H
791,B0B3TBY2YX
792,B08YRMBK9R
793,B00935MGHS
794,B07B5XJ572
795,B086199CWG
796,B07GLS2563
797,B09P182Z2H
798,B06Y36JKC3
799,B075S9FVRY
800,B08SJVD8QD
801,B0756KCV5K
802,B09HS1NDRQ
803,B018SJJ0GE
804,B09FPP3R1D
805,B01CS4A5V4
806,B0BL11S5QK
807,B09BL2KHQW
808,B0BDZWMGZ1
809,B078JT7LTD
810,B092R48XXB
811,B00KIDSU8S
812,B0977CGNJJ
813,B08WWKM5HQ
814,B00JBNZPFM
815,B07NPBG1B4
816,B01MRARGBW
817,B09H7JDJCW
818,B0B97D658R
819,B0BBLHTRM9
820,B0BJYSCWFQ
821,B0B8CB7MHW
822,B00TI8E7BI
823,B07J9KXQCC
824,B08L7J3T31
825,B01M6453MB
